County,Year,Violent Crimes,Property Crimes,Population
Alameda,2000,0.0,0.0,1448768
Alameda,2001,0.0,0.0,1465564
Alameda,2002,0.0,0.0,1468468
Alameda,2003,0.0,0.0,1467187
Alameda,2004,0.0,0.0,1465540
Alameda,2005,0.0,0.0,1459882
Alameda,2006,0.0,0.0,1464839
Alameda,2007,0.0,0.0,1476401
Alameda,2008,0.0,0.0,1491781
Alameda,2009,0.0,0.0,1503827
Alameda,2010,0.0,0.0,1516617
Alameda,2011,0.0,0.0,1535986
Alameda,2012,0.0,0.0,1560713
Alameda,2013,0.0,0.0,1584064
Alameda,2014,0.0,0.0,1608614
Alameda,2014,0.0,0.0,1608614
Alameda,2015,0.0,0.0,1630159
Alameda,2016,0.0,0.0,1647332
Alameda,2017,0.0,0.0,1659750
Alameda,2018,0.0,0.0,1669659
Alameda,2019,0.0,0.0,1678926
Alameda,2020,0.0,0.0,1679664
Alameda,2021,0.0,0.0,1655767
Alameda,2022,0.0,0.0,1645265
Alameda,2023,0.0,0.0,1644199
Alpine,2000,10.0,77.0,1203
Alpine,2001,8.0,121.0,1237
Alpine,2002,9.0,122.0,1248
Alpine,2003,3.0,102.0,1249
Alpine,2004,11.0,82.0,1266
Alpine,2005,7.0,97.0,1208
Alpine,2006,13.0,88.0,1255
Alpine,2007,15.0,74.0,1248
Alpine,2008,14.0,73.0,1208
Alpine,2009,13.0,62.0,1180
Alpine,2010,10.0,77.0,1177
Alpine,2011,7.0,105.0,1181
Alpine,2012,8.0,43.0,1186
Alpine,2013,6.0,33.0,1193
Alpine,2014,4.0,24.0,1199
Alpine,2014,4.0,24.0,1199
Alpine,2015,9.0,35.0,1201
Alpine,2016,6.0,34.0,1207
Alpine,2017,13.0,32.0,1211
Alpine,2018,12.0,29.0,1208
Alpine,2019,13.0,32.0,1205
Alpine,2020,19.0,14.0,1202
Alpine,2021,19.0,23.0,1181
Alpine,2022,11.0,25.0,1177
Alpine,2023,9.0,10.0,1166
Amador,2000,179.0,674.0,35205
Amador,2001,141.0,887.0,35784
Amador,2002,146.0,941.0,36535
Amador,2003,117.0,929.0,36776
Amador,2004,121.0,0.0,37147
Amador,2005,140.0,0.0,37722
Amador,2006,131.0,844.0,37964
Amador,2007,154.0,831.0,38085
Amador,2008,127.0,0.0,37864
Amador,2009,107.0,856.0,37905
Amador,2010,110.0,840.0,37714
Amador,2011,98.0,972.0,37122
Amador,2012,130.0,797.0,36903
Amador,2013,100.0,798.0,36561
Amador,2014,81.0,629.0,36930
Amador,2014,81.0,629.0,36930
Amador,2015,84.0,602.0,36905
Amador,2016,92.0,669.0,37929
Amador,2017,115.0,649.0,38549
Amador,2018,118.0,596.0,40038
Amador,2019,110.0,670.0,40279
Amador,2020,156.0,582.0,40391
Amador,2021,135.0,716.0,40224
Amador,2022,136.0,500.0,40073
Amador,2023,101.0,392.0,40028
Butte,2000,699.0,0.0,203446
Butte,2001,629.0,0.0,205730
Butte,2002,542.0,0.0,208154
Butte,2003,693.0,0.0,210623
Butte,2004,752.0,0.0,212212
Butte,2005,752.0,0.0,213698
Butte,2006,787.0,0.0,215684
Butte,2007,977.0,0.0,217115
Butte,2008,836.0,0.0,218485
Butte,2009,932.0,0.0,219287
Butte,2010,762.0,0.0,220619
Butte,2011,576.0,0.0,222149
Butte,2012,684.0,0.0,224316
Butte,2013,634.0,0.0,225544
Butte,2014,678.0,0.0,227830
Butte,2014,678.0,0.0,227830
Butte,2015,778.0,0.0,229359
Butte,2016,790.0,0.0,230681
Butte,2017,921.0,0.0,233080
Butte,2018,0.0,0.0,234627
Butte,2019,0.0,0.0,226714
Butte,2020,0.0,0.0,210219
Butte,2021,0.0,0.0,206058
Butte,2022,0.0,0.0,206183
Butte,2023,0.0,0.0,205741
Calaveras,2000,118.0,914.0,40658
Calaveras,2001,128.0,0.0,41428
Calaveras,2002,201.0,0.0,42119
Calaveras,2003,222.0,877.0,43186
Calaveras,2004,127.0,0.0,43924
Calaveras,2005,153.0,925.0,44773
Calaveras,2006,56.0,944.0,45316
Calaveras,2007,68.0,785.0,45638
Calaveras,2008,93.0,829.0,45702
Calaveras,2009,84.0,788.0,45562
Calaveras,2010,93.0,825.0,45565
Calaveras,2011,120.0,0.0,45519
Calaveras,2012,101.0,0.0,45512
Calaveras,2013,130.0,0.0,45429
Calaveras,2014,113.0,989.0,45423
Calaveras,2014,113.0,989.0,45423
Calaveras,2015,129.0,808.0,45414
Calaveras,2016,178.0,656.0,45365
Calaveras,2017,208.0,790.0,45354
Calaveras,2018,197.0,860.0,45365
Calaveras,2019,145.0,838.0,45285
Calaveras,2020,158.0,766.0,45253
Calaveras,2021,185.0,677.0,45013
Calaveras,2022,257.0,676.0,44771
Calaveras,2023,187.0,631.0,44616
Colusa,2000,57.0,396.0,18880
Colusa,2001,55.0,497.0,19068
Colusa,2002,52.0,552.0,19391
Colusa,2003,61.0,632.0,19685
Colusa,2004,59.0,576.0,20184
Colusa,2005,51.0,568.0,20565
Colusa,2006,80.0,624.0,20893
Colusa,2007,66.0,602.0,21119
Colusa,2008,42.0,490.0,21172
Colusa,2009,59.0,527.0,21270
Colusa,2010,48.0,499.0,21322
Colusa,2011,45.0,495.0,21356
Colusa,2012,46.0,555.0,21406
Colusa,2013,43.0,535.0,21464
Colusa,2014,40.0,350.0,21414
Colusa,2014,40.0,350.0,21414
Colusa,2015,49.0,374.0,21455
Colusa,2016,46.0,357.0,21677
Colusa,2017,78.0,339.0,21792
Colusa,2018,57.0,365.0,21690
Colusa,2019,58.0,347.0,21745
Colusa,2020,61.0,331.0,21811
Colusa,2021,55.0,316.0,21899
Colusa,2022,65.0,361.0,21902
Colusa,2023,84.0,331.0,21981
Contra Costa,2000,0.0,0.0,953675
Contra Costa,2001,0.0,0.0,970496
Contra Costa,2002,0.0,0.0,978795
Contra Costa,2003,0.0,0.0,989705
Contra Costa,2004,0.0,0.0,998201
Contra Costa,2005,0.0,0.0,1004230
Contra Costa,2006,0.0,0.0,1010104
Contra Costa,2007,0.0,0.0,1021251
Contra Costa,2008,0.0,0.0,1033292
Contra Costa,2009,0.0,0.0,1043501
Contra Costa,2010,0.0,0.0,1053028
Contra Costa,2011,0.0,0.0,1068330
Contra Costa,2012,0.0,0.0,1082513
Contra Costa,2013,0.0,0.0,1098192
Contra Costa,2014,0.0,0.0,1112733
Contra Costa,2014,0.0,0.0,1112733
Contra Costa,2015,0.0,0.0,1128317
Contra Costa,2016,0.0,0.0,1141566
Contra Costa,2017,0.0,0.0,1149457
Contra Costa,2018,0.0,0.0,1158017
Contra Costa,2019,0.0,0.0,1162287
Contra Costa,2020,0.0,0.0,1165866
Contra Costa,2021,0.0,0.0,1159660
Contra Costa,2022,0.0,0.0,1150950
Contra Costa,2023,0.0,0.0,1148745
Del Norte,2000,118.0,818.0,27447
Del Norte,2001,121.0,812.0,27418
Del Norte,2002,112.0,974.0,27615
Del Norte,2003,120.0,832.0,27871
Del Norte,2004,181.0,924.0,28187
Del Norte,2005,120.0,804.0,28315
Del Norte,2006,94.0,667.0,28276
Del Norte,2007,86.0,514.0,28480
Del Norte,2008,114.0,580.0,28571
Del Norte,2009,108.0,643.0,28559
Del Norte,2010,111.0,747.0,28421
Del Norte,2011,160.0,761.0,28261
Del Norte,2012,155.0,687.0,28038
Del Norte,2013,175.0,589.0,27589
Del Norte,2014,165.0,649.0,27260
Del Norte,2014,165.0,649.0,27260
Del Norte,2015,142.0,592.0,27113
Del Norte,2016,168.0,608.0,27070
Del Norte,2017,151.0,692.0,26898
Del Norte,2018,137.0,595.0,27572
Del Norte,2019,109.0,804.0,27604
Del Norte,2020,199.0,637.0,27648
Del Norte,2021,230.0,570.0,27352
Del Norte,2022,175.0,637.0,26513
Del Norte,2023,149.0,620.0,26320
El Dorado,2000,702.0,0.0,158288
El Dorado,2001,563.0,0.0,161880
El Dorado,2002,524.0,0.0,164725
El Dorado,2003,481.0,0.0,167670
El Dorado,2004,467.0,0.0,170304
El Dorado,2005,482.0,0.0,173181
El Dorado,2006,614.0,0.0,175258
El Dorado,2007,471.0,0.0,177195
El Dorado,2008,451.0,0.0,178599
El Dorado,2009,520.0,0.0,179701
El Dorado,2010,485.0,0.0,181135
El Dorado,2011,390.0,0.0,180832
El Dorado,2012,444.0,0.0,180978
El Dorado,2013,390.0,0.0,181963
El Dorado,2014,409.0,0.0,181898
El Dorado,2014,409.0,0.0,181898
El Dorado,2015,338.0,0.0,182205
El Dorado,2016,389.0,0.0,182937
El Dorado,2017,294.0,0.0,184800
El Dorado,2018,475.0,0.0,187122
El Dorado,2019,323.0,0.0,187905
El Dorado,2020,372.0,0.0,191306
El Dorado,2021,531.0,0.0,191671
El Dorado,2022,526.0,0.0,190259
El Dorado,2023,564.0,0.0,189355
Fresno,2000,0.0,0.0,802224
Fresno,2001,0.0,0.0,815003
Fresno,2002,0.0,0.0,828637
Fresno,2003,0.0,0.0,845917
Fresno,2004,0.0,0.0,860226
Fresno,2005,0.0,0.0,871910
Fresno,2006,0.0,0.0,886376
Fresno,2007,0.0,0.0,899826
Fresno,2008,0.0,0.0,913239
Fresno,2009,0.0,0.0,923895
Fresno,2010,0.0,0.0,932842
Fresno,2011,0.0,0.0,941793
Fresno,2012,0.0,0.0,949363
Fresno,2013,0.0,0.0,955481
Fresno,2014,0.0,0.0,963010
Fresno,2014,0.0,0.0,963010
Fresno,2015,0.0,0.0,970859
Fresno,2016,0.0,0.0,977361
Fresno,2017,0.0,0.0,985393
Fresno,2018,0.0,0.0,993965
Fresno,2019,0.0,0.0,1001640
Fresno,2020,0.0,0.0,1007099
Fresno,2021,0.0,0.0,1010004
Fresno,2022,0.0,0.0,1013642
Fresno,2023,0.0,0.0,1017152
Glenn,2000,80.0,699.0,26555
Glenn,2001,95.0,739.0,26611
Glenn,2002,74.0,783.0,26792
Glenn,2003,75.0,872.0,27156
Glenn,2004,71.0,0.0,27264
Glenn,2005,73.0,825.0,27525
Glenn,2006,77.0,670.0,27731
Glenn,2007,70.0,602.0,28013
Glenn,2008,63.0,603.0,28120
Glenn,2009,54.0,566.0,28056
Glenn,2010,73.0,610.0,28220
Glenn,2011,65.0,642.0,28219
Glenn,2012,78.0,732.0,28009
Glenn,2013,151.0,714.0,28014
Glenn,2014,125.0,527.0,28075
Glenn,2014,125.0,527.0,28075
Glenn,2015,106.0,514.0,28001
Glenn,2016,103.0,559.0,28005
Glenn,2017,117.0,503.0,28072
Glenn,2018,80.0,603.0,28134
Glenn,2019,91.0,526.0,28525
Glenn,2020,152.0,446.0,28848
Glenn,2021,115.0,352.0,28687
Glenn,2022,118.0,300.0,28647
Glenn,2023,150.0,329.0,28596
Humboldt,2000,427.0,0.0,126665
Humboldt,2001,543.0,0.0,127348
Humboldt,2002,504.0,0.0,128755
Humboldt,2003,394.0,0.0,130179
Humboldt,2004,428.0,0.0,131243
Humboldt,2005,394.0,0.0,131689
Humboldt,2006,408.0,0.0,132226
Humboldt,2007,482.0,0.0,132657
Humboldt,2008,459.0,0.0,133201
Humboldt,2009,541.0,0.0,133766
Humboldt,2010,529.0,0.0,135187
Humboldt,2011,440.0,0.0,135810
Humboldt,2012,389.0,0.0,135500
Humboldt,2013,474.0,0.0,135676
Humboldt,2014,485.0,0.0,135710
Humboldt,2014,485.0,0.0,135710
Humboldt,2015,539.0,0.0,136348
Humboldt,2016,682.0,0.0,137346
Humboldt,2017,646.0,0.0,137492
Humboldt,2018,571.0,0.0,137493
Humboldt,2019,626.0,0.0,136740
Humboldt,2020,630.0,0.0,136193
Humboldt,2021,670.0,0.0,134709
Humboldt,2022,639.0,0.0,134560
Humboldt,2023,607.0,0.0,133968
Imperial,2000,707.0,0.0,143151
Imperial,2001,739.0,0.0,144726
Imperial,2002,680.0,0.0,147185
Imperial,2003,773.0,0.0,150909
Imperial,2004,687.0,0.0,153937
Imperial,2005,785.0,0.0,157657
Imperial,2006,663.0,0.0,162532
Imperial,2007,545.0,0.0,166894
Imperial,2008,474.0,0.0,170104
Imperial,2009,590.0,0.0,173241
Imperial,2010,618.0,0.0,175188
Imperial,2011,452.0,0.0,176872
Imperial,2012,500.0,0.0,177385
Imperial,2013,517.0,0.0,177312
Imperial,2014,583.0,0.0,178967
Imperial,2014,583.0,0.0,178967
Imperial,2015,723.0,0.0,179952
Imperial,2016,676.0,0.0,180280
Imperial,2017,628.0,0.0,180627
Imperial,2018,645.0,0.0,180627
Imperial,2019,589.0,0.0,180809
Imperial,2020,582.0,0.0,180304
Imperial,2021,560.0,0.0,179707
Imperial,2022,527.0,0.0,180669
Imperial,2023,456.0,0.0,182090
Inyo,2000,55.0,406.0,18116
Inyo,2001,52.0,373.0,18207
Inyo,2002,81.0,343.0,18415
Inyo,2003,45.0,365.0,18507
Inyo,2004,52.0,428.0,18559
Inyo,2005,86.0,437.0,18463
Inyo,2006,74.0,323.0,18421
Inyo,2007,135.0,331.0,18447
Inyo,2008,85.0,377.0,18383
Inyo,2009,80.0,270.0,18448
Inyo,2010,69.0,245.0,18560
Inyo,2011,68.0,267.0,18624
Inyo,2012,83.0,325.0,18702
Inyo,2013,75.0,308.0,18761
Inyo,2014,106.0,303.0,18873
Inyo,2014,106.0,303.0,18873
Inyo,2015,97.0,240.0,18911
Inyo,2016,114.0,334.0,18956
Inyo,2017,128.0,514.0,18945
Inyo,2018,122.0,394.0,18953
Inyo,2019,94.0,393.0,18947
Inyo,2020,127.0,321.0,18955
Inyo,2021,121.0,337.0,18881
Inyo,2022,129.0,340.0,18856
Inyo,2023,168.0,267.0,18740
Kern,2000,0.0,0.0,664373
Kern,2001,0.0,0.0,679674
Kern,2002,0.0,0.0,696504
Kern,2003,0.0,0.0,717797
Kern,2004,0.0,0.0,740022
Kern,2005,0.0,0.0,761972
Kern,2006,0.0,0.0,786220
Kern,2007,0.0,0.0,805798
Kern,2008,0.0,0.0,819891
Kern,2009,0.0,0.0,831134
Kern,2010,0.0,0.0,841932
Kern,2011,0.0,0.0,850117
Kern,2012,0.0,0.0,858439
Kern,2013,0.0,0.0,867036
Kern,2014,0.0,0.0,872913
Kern,2014,0.0,0.0,872913
Kern,2015,0.0,0.0,878081
Kern,2016,0.0,0.0,880702
Kern,2017,0.0,0.0,888203
Kern,2018,0.0,0.0,895655
Kern,2019,0.0,0.0,903150
Kern,2020,0.0,0.0,905446
Kern,2021,0.0,0.0,908274
Kern,2022,0.0,0.0,910910
Kern,2023,0.0,0.0,908297
Kings,2000,364.0,0.0,129764
Kings,2001,347.0,0.0,132441
Kings,2002,408.0,0.0,134664
Kings,2003,434.0,0.0,138772
Kings,2004,462.0,0.0,142617
Kings,2005,547.0,0.0,144601
Kings,2006,535.0,0.0,147496
Kings,2007,441.0,0.0,150378
Kings,2008,614.0,0.0,151834
Kings,2009,562.0,0.0,151794
Kings,2010,533.0,0.0,152355
Kings,2011,542.0,0.0,151488
Kings,2012,767.0,0.0,149766
Kings,2013,725.0,0.0,149667
Kings,2014,696.0,0.0,148494
Kings,2014,696.0,0.0,148494
Kings,2015,694.0,0.0,148525
Kings,2016,639.0,0.0,147615
Kings,2017,754.0,0.0,148933
Kings,2018,784.0,0.0,151040
Kings,2019,757.0,0.0,151691
Kings,2020,777.0,0.0,152408
Kings,2021,686.0,0.0,151674
Kings,2022,647.0,0.0,151865
Kings,2023,656.0,0.0,152548
Lake,2000,234.0,0.0,58479
Lake,2001,213.0,0.0,60046
Lake,2002,270.0,0.0,61005
Lake,2003,336.0,0.0,61981
Lake,2004,301.0,0.0,62633
Lake,2005,252.0,0.0,63107
Lake,2006,329.0,0.0,63792
Lake,2007,228.0,0.0,63986
Lake,2008,298.0,0.0,64370
Lake,2009,277.0,0.0,64396
Lake,2010,292.0,0.0,65981
Lake,2011,331.0,0.0,66259
Lake,2012,376.0,0.0,67017
Lake,2013,356.0,0.0,67300
Lake,2014,307.0,0.0,67677
Lake,2014,307.0,0.0,67677
Lake,2015,346.0,0.0,66931
Lake,2016,379.0,0.0,66945
Lake,2017,396.0,0.0,67963
Lake,2018,338.0,0.0,68358
Lake,2019,347.0,0.0,68114
Lake,2020,351.0,0.0,67833
Lake,2021,392.0,0.0,67630
Lake,2022,478.0,0.0,67363
Lake,2023,447.0,980.0,66875
Lassen,2000,73.0,423.0,33871
Lassen,2001,72.0,445.0,33650
Lassen,2002,80.0,517.0,33603
Lassen,2003,89.0,535.0,34053
Lassen,2004,100.0,530.0,34574
Lassen,2005,101.0,462.0,34528
Lassen,2006,89.0,506.0,35011
Lassen,2007,104.0,526.0,35749
Lassen,2008,121.0,449.0,35120
Lassen,2009,96.0,355.0,34773
Lassen,2010,118.0,507.0,34878
Lassen,2011,120.0,478.0,34813
Lassen,2012,132.0,531.0,33533
Lassen,2013,127.0,576.0,33040
Lassen,2014,140.0,521.0,32725
Lassen,2014,140.0,521.0,32725
Lassen,2015,220.0,591.0,31697
Lassen,2016,225.0,513.0,32309
Lassen,2017,270.0,598.0,32655
Lassen,2018,254.0,531.0,32936
Lassen,2019,274.0,419.0,32857
Lassen,2020,210.0,354.0,31917
Lassen,2021,80.0,379.0,31049
Lassen,2022,143.0,447.0,29711
Lassen,2023,148.0,360.0,28137
Los Angeles,2000,0.0,0.0,9543983
Los Angeles,2001,0.0,0.0,9635795
Los Angeles,2002,0.0,0.0,9722444
Los Angeles,2003,0.0,0.0,9791022
Los Angeles,2004,0.0,0.0,9822508
Los Angeles,2005,0.0,0.0,9809557
Los Angeles,2006,0.0,0.0,9787327
Los Angeles,2007,0.0,0.0,9773894
Los Angeles,2008,0.0,0.0,9796812
Los Angeles,2009,0.0,0.0,9805233
Los Angeles,2010,0.0,0.0,9842625
Los Angeles,2011,0.0,0.0,9893861
Los Angeles,2012,0.0,0.0,9970512
Los Angeles,2013,0.0,0.0,10012612
Los Angeles,2014,0.0,0.0,10052498
Los Angeles,2014,0.0,0.0,10052498
Los Angeles,2015,0.0,0.0,10083826
Los Angeles,2016,0.0,0.0,10099858
Los Angeles,2017,0.0,0.0,10114636
Los Angeles,2018,0.0,0.0,10100671
Los Angeles,2019,0.0,0.0,10063851
Los Angeles,2020,0.0,0.0,10019274
Los Angeles,2021,0.0,0.0,9909370
Los Angeles,2022,0.0,0.0,9839078
Los Angeles,2023,0.0,0.0,9811463
Madera,2000,804.0,0.0,124265
Madera,2001,671.0,0.0,126456
Madera,2002,747.0,0.0,128484
Madera,2003,864.0,0.0,132814
Madera,2004,723.0,0.0,136488
Madera,2005,731.0,0.0,139868
Madera,2006,777.0,0.0,143528
Madera,2007,746.0,0.0,146806
Madera,2008,744.0,0.0,149114
Madera,2009,685.0,0.0,150151
Madera,2010,654.0,0.0,150123
Madera,2011,799.0,0.0,151338
Madera,2012,934.0,0.0,150285
Madera,2013,0.0,0.0,151234
Madera,2014,888.0,0.0,152611
Madera,2014,888.0,0.0,152611
Madera,2015,858.0,0.0,152897
Madera,2016,0.0,0.0,153136
Madera,2017,891.0,0.0,154238
Madera,2018,896.0,0.0,155476
Madera,2019,830.0,0.0,155291
Madera,2020,578.0,0.0,156290
Madera,2021,0.0,0.0,156963
Madera,2022,818.0,0.0,157735
Madera,2023,860.0,0.0,159892
Marin,2000,642.0,0.0,247424
Marin,2001,580.0,0.0,247731
Marin,2002,481.0,0.0,247382
Marin,2003,554.0,0.0,247280
Marin,2004,495.0,0.0,246684
Marin,2005,511.0,0.0,246686
Marin,2006,639.0,0.0,247247
Marin,2007,660.0,0.0,248802
Marin,2008,547.0,0.0,250288
Marin,2009,524.0,0.0,251230
Marin,2010,520.0,0.0,252750
Marin,2011,541.0,0.0,255411
Marin,2012,490.0,0.0,257455
Marin,2013,491.0,0.0,260645
Marin,2014,454.0,0.0,263335
Marin,2014,454.0,0.0,263335
Marin,2015,518.0,0.0,263964
Marin,2016,475.0,0.0,265181
Marin,2017,463.0,0.0,264753
Marin,2018,528.0,0.0,264944
Marin,2019,516.0,0.0,263917
Marin,2020,623.0,0.0,261805
Marin,2021,348.0,0.0,258668
Marin,2022,610.0,0.0,255847
Marin,2023,639.0,0.0,254301
Mariposa,2000,130.0,367.0,17056
Mariposa,2001,61.0,423.0,17269
Mariposa,2002,80.0,383.0,17461
Mariposa,2003,84.0,419.0,17764
Mariposa,2004,82.0,408.0,17872
Mariposa,2005,75.0,399.0,18057
Mariposa,2006,49.0,348.0,18244
Mariposa,2007,31.0,330.0,18376
Mariposa,2008,43.0,282.0,18385
Mariposa,2009,48.0,295.0,18281
Mariposa,2010,37.0,313.0,18228
Mariposa,2011,55.0,365.0,18157
Mariposa,2012,71.0,337.0,18072
Mariposa,2013,84.0,306.0,17937
Mariposa,2014,71.0,276.0,17848
Mariposa,2014,71.0,276.0,17848
Mariposa,2015,89.0,283.0,17732
Mariposa,2016,80.0,241.0,17644
Mariposa,2017,108.0,290.0,17502
Mariposa,2018,67.0,211.0,17345
Mariposa,2019,79.0,182.0,17213
Mariposa,2020,61.0,200.0,17098
Mariposa,2021,80.0,242.0,17016
Mariposa,2022,71.0,229.0,16942
Mariposa,2023,99.0,253.0,16862
Mendocino,2000,318.0,0.0,86506
Mendocino,2001,468.0,0.0,87140
Mendocino,2002,522.0,0.0,87507
Mendocino,2003,486.0,0.0,88017
Mendocino,2004,472.0,0.0,88239
Mendocino,2005,467.0,0.0,88016
Mendocino,2006,479.0,0.0,87584
Mendocino,2007,544.0,0.0,87646
Mendocino,2008,560.0,0.0,87782
Mendocino,2009,520.0,0.0,87569
Mendocino,2010,488.0,0.0,87856
Mendocino,2011,483.0,0.0,87826
Mendocino,2012,358.0,0.0,88936
Mendocino,2013,472.0,0.0,89346
Mendocino,2014,512.0,0.0,90108
Mendocino,2014,512.0,0.0,90108
Mendocino,2015,578.0,0.0,90198
Mendocino,2016,606.0,0.0,91021
Mendocino,2017,480.0,0.0,91609
Mendocino,2018,369.0,0.0,91726
Mendocino,2019,336.0,0.0,91727
Mendocino,2020,371.0,0.0,91269
Mendocino,2021,473.0,0.0,90721
Mendocino,2022,182.0,603.0,89872
Mendocino,2023,187.0,513.0,89556
Merced,2000,0.0,0.0,211109
Merced,2001,0.0,0.0,217319
Merced,2002,0.0,0.0,222733
Merced,2003,0.0,0.0,229182
Merced,2004,0.0,0.0,235549
Merced,2005,0.0,0.0,240600
Merced,2006,0.0,0.0,245555
Merced,2007,0.0,0.0,249538
Merced,2008,0.0,0.0,251932
Merced,2009,0.0,0.0,254123
Merced,2010,0.0,0.0,256705
Merced,2011,0.0,0.0,259700
Merced,2012,0.0,0.0,262303
Merced,2013,0.0,0.0,263324
Merced,2014,0.0,0.0,265556
Merced,2014,0.0,0.0,265556
Merced,2015,0.0,0.0,267099
Merced,2016,0.0,0.0,268701
Merced,2017,0.0,0.0,272610
Merced,2018,0.0,0.0,274871
Merced,2019,0.0,0.0,278157
Merced,2020,0.0,0.0,281206
Merced,2021,0.0,0.0,281753
Merced,2022,0.0,0.0,286432
Merced,2023,0.0,0.0,288589
Modoc,2000,38.0,156.0,9510
Modoc,2001,10.0,150.0,9434
Modoc,2002,32.0,201.0,9400
Modoc,2003,24.0,173.0,9511
Modoc,2004,15.0,147.0,9602
Modoc,2005,19.0,118.0,9588
Modoc,2006,49.0,194.0,9639
Modoc,2007,24.0,202.0,9590
Modoc,2008,43.0,165.0,9623
Modoc,2009,10.0,120.0,9632
Modoc,2010,17.0,127.0,9713
Modoc,2011,42.0,149.0,9479
Modoc,2012,69.0,152.0,9341
Modoc,2013,69.0,168.0,9049
Modoc,2014,49.0,166.0,8959
Modoc,2014,49.0,166.0,8959
Modoc,2015,69.0,122.0,8952
Modoc,2016,41.0,163.0,8795
Modoc,2017,58.0,179.0,8691
Modoc,2018,51.0,132.0,8755
Modoc,2019,43.0,66.0,8709
Modoc,2020,37.0,78.0,8684
Modoc,2021,13.0,56.0,8581
Modoc,2022,47.0,87.0,8580
Modoc,2023,51.0,48.0,8540
Mono,2000,30.0,547.0,12855
Mono,2001,29.0,581.0,13213
Mono,2002,31.0,605.0,13383
Mono,2003,41.0,553.0,13574
Mono,2004,44.0,573.0,13726
Mono,2005,59.0,427.0,13799
Mono,2006,40.0,404.0,14151
Mono,2007,52.0,335.0,14212
Mono,2008,49.0,399.0,14073
Mono,2009,49.0,408.0,14075
Mono,2010,59.0,303.0,14011
Mono,2011,49.0,311.0,14243
Mono,2012,44.0,258.0,13982
Mono,2013,29.0,221.0,13724
Mono,2014,36.0,184.0,13717
Mono,2014,36.0,184.0,13717
Mono,2015,29.0,185.0,13548
Mono,2016,37.0,162.0,13389
Mono,2017,43.0,211.0,13355
Mono,2018,41.0,133.0,13222
Mono,2019,67.0,187.0,13227
Mono,2020,42.0,161.0,13312
Mono,2021,33.0,107.0,13203
Mono,2022,51.0,153.0,13092
Mono,2023,53.0,118.0,13008
Monterey,2000,0.0,0.0,402854
Monterey,2001,0.0,0.0,406264
Monterey,2002,0.0,0.0,408599
Monterey,2003,0.0,0.0,411941
Monterey,2004,0.0,0.0,411121
Monterey,2005,0.0,0.0,407974
Monterey,2006,0.0,0.0,405877
Monterey,2007,0.0,0.0,407896
Monterey,2008,0.0,0.0,410877
Monterey,2009,0.0,0.0,413590
Monterey,2010,0.0,0.0,415956
Monterey,2011,0.0,0.0,420251
Monterey,2012,0.0,0.0,424445
Monterey,2013,0.0,0.0,426355
Monterey,2014,0.0,0.0,428633
Monterey,2014,0.0,0.0,428633
Monterey,2015,0.0,0.0,433478
Monterey,2016,0.0,0.0,437116
Monterey,2017,0.0,0.0,438011
Monterey,2018,0.0,0.0,439618
Monterey,2019,0.0,0.0,440874
Monterey,2020,0.0,0.0,440519
Monterey,2021,0.0,0.0,438729
Monterey,2022,0.0,0.0,437961
Monterey,2023,0.0,0.0,437174
Napa,2000,322.0,0.0,124601
Napa,2001,361.0,0.0,126188
Napa,2002,345.0,0.0,127942
Napa,2003,380.0,0.0,129422
Napa,2004,451.0,0.0,130204
Napa,2005,477.0,0.0,130740
Napa,2006,463.0,0.0,131920
Napa,2007,460.0,0.0,133155
Napa,2008,832.0,0.0,134786
Napa,2009,580.0,0.0,135664
Napa,2010,651.0,0.0,136568
Napa,2011,452.0,0.0,137468
Napa,2012,485.0,0.0,138859
Napa,2013,417.0,0.0,139378
Napa,2014,534.0,0.0,140461
Napa,2014,534.0,0.0,140461
Napa,2015,587.0,0.0,140955
Napa,2016,598.0,0.0,141089
Napa,2017,597.0,0.0,140299
Napa,2018,683.0,0.0,139558
Napa,2019,753.0,0.0,138965
Napa,2020,539.0,0.0,137999
Napa,2021,589.0,0.0,136923
Napa,2022,456.0,0.0,135629
Napa,2023,481.0,0.0,135107
Nevada,2000,159.0,0.0,91872
Nevada,2001,172.0,0.0,93515
Nevada,2002,200.0,0.0,94580
Nevada,2003,261.0,0.0,95974
Nevada,2004,236.0,0.0,97107
Nevada,2005,289.0,0.0,97802
Nevada,2006,298.0,0.0,98334
Nevada,2007,267.0,0.0,98480
Nevada,2008,266.0,0.0,98680
Nevada,2009,289.0,0.0,98432
Nevada,2010,311.0,0.0,98834
Nevada,2011,268.0,0.0,99222
Nevada,2012,243.0,0.0,99264
Nevada,2013,433.0,0.0,99393
Nevada,2014,308.0,0.0,100370
Nevada,2014,308.0,0.0,100370
Nevada,2015,289.0,0.0,100456
Nevada,2016,212.0,0.0,100919
Nevada,2017,280.0,0.0,101384
Nevada,2018,250.0,0.0,101920
Nevada,2019,238.0,0.0,102298
Nevada,2020,224.0,0.0,102472
Nevada,2021,238.0,891.0,102405
Nevada,2022,497.0,0.0,101044
Nevada,2023,460.0,891.0,100711
Orange,2000,0.0,0.0,2853893
Orange,2001,0.0,0.0,2889908
Orange,2002,0.0,0.0,2914438
Orange,2003,0.0,0.0,2939719
Orange,2004,0.0,0.0,2956482
Orange,2005,0.0,0.0,2957151
Orange,2006,0.0,0.0,2955433
Orange,2007,0.0,0.0,2965823
Orange,2008,0.0,0.0,2982788
Orange,2009,0.0,0.0,2998816
Orange,2010,0.0,0.0,3016922
Orange,2011,0.0,0.0,3053035
Orange,2012,0.0,0.0,3087846
Orange,2013,0.0,0.0,3112757
Orange,2014,0.0,0.0,3135170
Orange,2014,0.0,0.0,3135170
Orange,2015,0.0,0.0,3155895
Orange,2016,0.0,0.0,3170359
Orange,2017,0.0,0.0,3188158
Orange,2018,0.0,0.0,3193464
Orange,2019,0.0,0.0,3191365
Orange,2020,0.0,0.0,3187162
Orange,2021,0.0,0.0,3163288
Orange,2022,0.0,0.0,3159074
Orange,2023,0.0,0.0,3148555
Placer,2000,533.0,0.0,251731
Placer,2001,465.0,0.0,264925
Placer,2002,507.0,0.0,276817
Placer,2003,577.0,0.0,290655
Placer,2004,623.0,0.0,302815
Placer,2005,664.0,0.0,312630
Placer,2006,815.0,0.0,322270
Placer,2007,859.0,0.0,329719
Placer,2008,801.0,0.0,337914
Placer,2009,816.0,0.0,344088
Placer,2010,785.0,0.0,350872
Placer,2011,694.0,0.0,357478
Placer,2012,680.0,0.0,362839
Placer,2013,660.0,0.0,368023
Placer,2014,596.0,0.0,372407
Placer,2014,596.0,0.0,372407
Placer,2015,675.0,0.0,376215
Placer,2016,622.0,0.0,382010
Placer,2017,703.0,0.0,388773
Placer,2018,688.0,0.0,395677
Placer,2019,597.0,0.0,401671
Placer,2020,638.0,0.0,405794
Placer,2021,740.0,0.0,408838
Placer,2022,0.0,0.0,410770
Placer,2023,0.0,0.0,413618
Plumas,2000,63.0,548.0,20653
Plumas,2001,61.0,502.0,20706
Plumas,2002,64.0,547.0,20695
Plumas,2003,51.0,575.0,20747
Plumas,2004,56.0,459.0,20899
Plumas,2005,37.0,616.0,20859
Plumas,2006,36.0,538.0,20710
Plumas,2007,143.0,446.0,20596
Plumas,2008,138.0,330.0,20368
Plumas,2009,121.0,333.0,20063
Plumas,2010,109.0,364.0,19985
Plumas,2011,104.0,386.0,19951
Plumas,2012,108.0,437.0,19914
Plumas,2013,92.0,390.0,19817
Plumas,2014,91.0,312.0,19776
Plumas,2014,91.0,312.0,19776
Plumas,2015,82.0,298.0,19701
Plumas,2016,120.0,359.0,19672
Plumas,2017,146.0,304.0,19642
Plumas,2018,130.0,341.0,19575
Plumas,2019,128.0,314.0,19807
Plumas,2020,159.0,294.0,19848
Plumas,2021,178.0,269.0,19719
Plumas,2022,152.0,288.0,19278
Plumas,2023,114.0,210.0,19078
Riverside,2000,0.0,0.0,1557271
Riverside,2001,0.0,0.0,1622454
Riverside,2002,0.0,0.0,1688407
Riverside,2003,0.0,0.0,1772427
Riverside,2004,0.0,0.0,1856879
Riverside,2005,0.0,0.0,1934723
Riverside,2006,0.0,0.0,2017350
Riverside,2007,0.0,0.0,2082656
Riverside,2008,0.0,0.0,2122920
Riverside,2009,0.0,0.0,2158399
Riverside,2010,0.0,0.0,2197839
Riverside,2011,0.0,0.0,2228172
Riverside,2012,0.0,0.0,2249295
Riverside,2013,0.0,0.0,2268362
Riverside,2014,0.0,0.0,2291648
Riverside,2014,0.0,0.0,2291648
Riverside,2015,0.0,0.0,2313162
Riverside,2016,0.0,0.0,2337698
Riverside,2017,0.0,0.0,2361995
Riverside,2018,0.0,0.0,2383773
Riverside,2019,0.0,0.0,2400535
Riverside,2020,0.0,0.0,2422008
Riverside,2021,0.0,0.0,2430141
Riverside,2022,0.0,0.0,2439655
Riverside,2023,0.0,0.0,2451185
Sacramento,2000,0.0,0.0,1230501
Sacramento,2001,0.0,0.0,1265767
Sacramento,2002,0.0,0.0,1293483
Sacramento,2003,0.0,0.0,1320963
Sacramento,2004,0.0,0.0,1342899
Sacramento,2005,0.0,0.0,1358168
Sacramento,2006,0.0,0.0,1372275
Sacramento,2007,0.0,0.0,1388086
Sacramento,2008,0.0,0.0,1400939
Sacramento,2009,0.0,0.0,1411403
Sacramento,2010,0.0,0.0,1423634
Sacramento,2011,0.0,0.0,1439148
Sacramento,2012,0.0,0.0,1453048
Sacramento,2013,0.0,0.0,1465450
Sacramento,2014,0.0,0.0,1485006
Sacramento,2014,0.0,0.0,1485006
Sacramento,2015,0.0,0.0,1502821
Sacramento,2016,0.0,0.0,1520401
Sacramento,2017,0.0,0.0,1536517
Sacramento,2018,0.0,0.0,1554668
Sacramento,2019,0.0,0.0,1570918
Sacramento,2020,0.0,0.0,1586154
Sacramento,2021,0.0,0.0,1582170
Sacramento,2022,0.0,0.0,1575167
Sacramento,2023,0.0,0.0,1578904
Santa Barbara,2000,0.0,0.0,399874
Santa Barbara,2001,0.0,0.0,403442
Santa Barbara,2002,0.0,0.0,406132
Santa Barbara,2003,0.0,0.0,409512
Santa Barbara,2004,0.0,0.0,411190
Santa Barbara,2005,0.0,0.0,411683
Santa Barbara,2006,0.0,0.0,412853
Santa Barbara,2007,0.0,0.0,416648
Santa Barbara,2008,0.0,0.0,419970
Santa Barbara,2009,0.0,0.0,422423
Santa Barbara,2010,0.0,0.0,424045
Santa Barbara,2011,0.0,0.0,425671
Santa Barbara,2012,0.0,0.0,430232
Santa Barbara,2013,0.0,0.0,434421
Santa Barbara,2014,0.0,0.0,438421
Santa Barbara,2014,0.0,0.0,438421
Santa Barbara,2015,0.0,0.0,442188
Santa Barbara,2016,0.0,0.0,444277
Santa Barbara,2017,0.0,0.0,445801
Santa Barbara,2018,0.0,0.0,447666
Santa Barbara,2019,0.0,0.0,448815
Santa Barbara,2020,0.0,0.0,447566
Santa Barbara,2021,0.0,0.0,438704
Santa Barbara,2022,0.0,0.0,443893
Santa Barbara,2023,0.0,0.0,442152
Santa Clara,2000,0.0,0.0,1687415
Santa Clara,2001,0.0,0.0,1693171
Santa Clara,2002,0.0,0.0,1693162
Santa Clara,2003,0.0,0.0,1694211
Santa Clara,2004,0.0,0.0,1696919
Santa Clara,2005,0.0,0.0,1699521
Santa Clara,2006,0.0,0.0,1713839
Santa Clara,2007,0.0,0.0,1736327
Santa Clara,2008,0.0,0.0,1759534
Santa Clara,2009,0.0,0.0,1774890
Santa Clara,2010,0.0,0.0,1790845
Santa Clara,2011,0.0,0.0,1815327
Santa Clara,2012,0.0,0.0,1842698
Santa Clara,2013,0.0,0.0,1867932
Santa Clara,2014,0.0,0.0,1891328
Santa Clara,2014,0.0,0.0,1891328
Santa Clara,2015,0.0,0.0,1914457
Santa Clara,2016,0.0,0.0,1925914
Santa Clara,2017,0.0,0.0,1932947
Santa Clara,2018,0.0,0.0,1937985
Santa Clara,2019,0.0,0.0,1936521
Santa Clara,2020,0.0,0.0,1927909
Santa Clara,2021,0.0,0.0,1895854
Santa Clara,2022,0.0,0.0,1897174
Santa Clara,2023,0.0,0.0,1900834
Santa Cruz,2000,0.0,0.0,255869
Santa Cruz,2001,0.0,0.0,256166
Santa Cruz,2002,0.0,0.0,255590
Santa Cruz,2003,0.0,0.0,255122
Santa Cruz,2004,0.0,0.0,254836
Santa Cruz,2005,0.0,0.0,254725
Santa Cruz,2006,0.0,0.0,255486
Santa Cruz,2007,0.0,0.0,257601
Santa Cruz,2008,0.0,0.0,259873
Santa Cruz,2009,0.0,0.0,261912
Santa Cruz,2010,0.0,0.0,262828
Santa Cruz,2011,0.0,0.0,265932
Santa Cruz,2012,0.0,0.0,268525
Santa Cruz,2013,0.0,0.0,271320
Santa Cruz,2014,0.0,0.0,272386
Santa Cruz,2014,0.0,0.0,272386
Santa Cruz,2015,0.0,0.0,274762
Santa Cruz,2016,0.0,0.0,275452
Santa Cruz,2017,0.0,0.0,274739
Santa Cruz,2018,989.0,0.0,273527
Santa Cruz,2019,0.0,0.0,272182
Santa Cruz,2020,970.0,0.0,271561
Santa Cruz,2021,0.0,0.0,263413
Santa Cruz,2022,0.0,0.0,265662
Santa Cruz,2023,0.0,0.0,263775
San Benito,2000,337.0,0.0,53635
San Benito,2001,248.0,0.0,54696
San Benito,2002,175.0,0.0,55199
San Benito,2003,246.0,0.0,55458
San Benito,2004,237.0,0.0,55287
San Benito,2005,193.0,0.0,55153
San Benito,2006,168.0,0.0,54895
San Benito,2007,251.0,0.0,55000
San Benito,2008,243.0,0.0,55043
San Benito,2009,246.0,0.0,55093
San Benito,2010,213.0,0.0,55563
San Benito,2011,196.0,915.0,56264
San Benito,2012,217.0,0.0,57055
San Benito,2013,245.0,792.0,57730
San Benito,2014,196.0,736.0,58515
San Benito,2014,196.0,736.0,58515
San Benito,2015,179.0,725.0,59220
San Benito,2016,155.0,543.0,60087
San Benito,2017,183.0,556.0,60733
San Benito,2018,149.0,667.0,61848
San Benito,2019,147.0,472.0,63282
San Benito,2020,164.0,573.0,64337
San Benito,2021,292.0,562.0,65116
San Benito,2022,211.0,510.0,65883
San Benito,2023,208.0,504.0,65783
San Bernardino,2000,0.0,0.0,1719190
San Bernardino,2001,0.0,0.0,1763780
San Bernardino,2002,0.0,0.0,1800849
San Bernardino,2003,0.0,0.0,1850075
San Bernardino,2004,0.0,0.0,1900210
San Bernardino,2005,0.0,0.0,1942734
San Bernardino,2006,0.0,0.0,1976767
San Bernardino,2007,0.0,0.0,2002651
San Bernardino,2008,0.0,0.0,2016526
San Bernardino,2009,0.0,0.0,2022319
San Bernardino,2010,0.0,0.0,2044954
San Bernardino,2011,0.0,0.0,2066286
San Bernardino,2012,0.0,0.0,2076903
San Bernardino,2013,0.0,0.0,2088642
San Bernardino,2014,0.0,0.0,2104497
San Bernardino,2014,0.0,0.0,2104497
San Bernardino,2015,0.0,0.0,2119575
San Bernardino,2016,0.0,0.0,2132121
San Bernardino,2017,0.0,0.0,2147291
San Bernardino,2018,0.0,0.0,2160036
San Bernardino,2019,0.0,0.0,2174437
San Bernardino,2020,0.0,0.0,2184801
San Bernardino,2021,0.0,0.0,2181371
San Bernardino,2022,0.0,0.0,2181980
San Bernardino,2023,0.0,0.0,2182369
San Diego,2000,0.0,0.0,2828374
San Diego,2001,0.0,0.0,2870096
San Diego,2002,0.0,0.0,2910445
San Diego,2003,0.0,0.0,2943961
San Diego,2004,0.0,0.0,2963390
San Diego,2005,0.0,0.0,2970135
San Diego,2006,0.0,0.0,2982816
San Diego,2007,0.0,0.0,3014165
San Diego,2008,0.0,0.0,3051262
San Diego,2009,0.0,0.0,3077633
San Diego,2010,0.0,0.0,3103511
San Diego,2011,0.0,0.0,3135440
San Diego,2012,0.0,0.0,3169100
San Diego,2013,0.0,0.0,3197269
San Diego,2014,0.0,0.0,3228488
San Diego,2014,0.0,0.0,3228488
San Diego,2015,0.0,0.0,3248371
San Diego,2016,0.0,0.0,3263517
San Diego,2017,0.0,0.0,3276113
San Diego,2018,0.0,0.0,3293350
San Diego,2019,0.0,0.0,3294272
San Diego,2020,0.0,0.0,3304281
San Diego,2021,0.0,0.0,3281991
San Diego,2022,0.0,0.0,3288754
San Diego,2023,0.0,0.0,3289885
San Francisco,2000,0.0,0.0,778942
San Francisco,2001,0.0,0.0,782223
San Francisco,2002,0.0,0.0,783255
San Francisco,2003,0.0,0.0,781870
San Francisco,2004,0.0,0.0,780699
San Francisco,2005,0.0,0.0,779655
San Francisco,2006,0.0,0.0,782928
San Francisco,2007,0.0,0.0,791334
San Francisco,2008,0.0,0.0,798673
San Francisco,2009,0.0,0.0,801799
San Francisco,2010,0.0,0.0,809945
San Francisco,2011,0.0,0.0,819178
San Francisco,2012,0.0,0.0,831468
San Francisco,2013,0.0,0.0,840311
San Francisco,2014,0.0,0.0,848474
San Francisco,2014,0.0,0.0,848474
San Francisco,2015,0.0,0.0,857037
San Francisco,2016,0.0,0.0,863546
San Francisco,2017,0.0,0.0,868879
San Francisco,2018,0.0,0.0,872338
San Francisco,2019,0.0,0.0,872205
San Francisco,2020,0.0,0.0,871583
San Francisco,2021,0.0,0.0,840454
San Francisco,2022,0.0,0.0,839310
San Francisco,2023,0.0,0.0,838251
San Joaquin,2000,0.0,0.0,567753
San Joaquin,2001,0.0,0.0,588581
San Joaquin,2002,0.0,0.0,603544
San Joaquin,2003,0.0,0.0,621108
San Joaquin,2004,0.0,0.0,638522
San Joaquin,2005,0.0,0.0,651625
San Joaquin,2006,0.0,0.0,660885
San Joaquin,2007,0.0,0.0,669737
San Joaquin,2008,0.0,0.0,675248
San Joaquin,2009,0.0,0.0,680421
San Joaquin,2010,0.0,0.0,688585
San Joaquin,2011,0.0,0.0,695749
San Joaquin,2012,0.0,0.0,701991
San Joaquin,2013,0.0,0.0,707552
San Joaquin,2014,0.0,0.0,718498
San Joaquin,2014,0.0,0.0,718498
San Joaquin,2015,0.0,0.0,729411
San Joaquin,2016,0.0,0.0,739814
San Joaquin,2017,0.0,0.0,750306
San Joaquin,2018,0.0,0.0,759753
San Joaquin,2019,0.0,0.0,771083
San Joaquin,2020,0.0,0.0,779717
San Joaquin,2021,0.0,0.0,782157
San Joaquin,2022,0.0,0.0,786585
San Joaquin,2023,0.0,0.0,792088
San Luis Obispo,2000,697.0,0.0,247724
San Luis Obispo,2001,743.0,0.0,251652
San Luis Obispo,2002,699.0,0.0,253549
San Luis Obispo,2003,638.0,0.0,255609
San Luis Obispo,2004,777.0,0.0,258483
San Luis Obispo,2005,760.0,0.0,259943
San Luis Obispo,2006,738.0,0.0,261803
San Luis Obispo,2007,884.0,0.0,264162
San Luis Obispo,2008,780.0,0.0,266850
San Luis Obispo,2009,694.0,0.0,268224
San Luis Obispo,2010,717.0,0.0,269604
San Luis Obispo,2011,680.0,0.0,271693
San Luis Obispo,2012,906.0,0.0,274697
San Luis Obispo,2013,0.0,0.0,276018
San Luis Obispo,2014,0.0,0.0,278887
San Luis Obispo,2014,0.0,0.0,278887
San Luis Obispo,2015,0.0,0.0,279800
San Luis Obispo,2016,0.0,0.0,281681
San Luis Obispo,2017,829.0,0.0,282103
San Luis Obispo,2018,746.0,0.0,282952
San Luis Obispo,2019,630.0,0.0,282617
San Luis Obispo,2020,816.0,0.0,282314
San Luis Obispo,2021,903.0,0.0,278343
San Luis Obispo,2022,0.0,0.0,280208
San Luis Obispo,2023,0.0,0.0,278976
San Mateo,2000,0.0,0.0,708384
San Mateo,2001,0.0,0.0,707460
San Mateo,2002,0.0,0.0,704897
San Mateo,2003,0.0,0.0,703062
San Mateo,2004,0.0,0.0,701401
San Mateo,2005,0.0,0.0,699277
San Mateo,2006,0.0,0.0,699398
San Mateo,2007,0.0,0.0,704272
San Mateo,2008,0.0,0.0,711374
San Mateo,2009,0.0,0.0,716264
San Mateo,2010,0.0,0.0,721169
San Mateo,2011,0.0,0.0,729569
San Mateo,2012,0.0,0.0,740804
San Mateo,2013,0.0,0.0,748241
San Mateo,2014,0.0,0.0,755016
San Mateo,2014,0.0,0.0,755016
San Mateo,2015,0.0,0.0,761484
San Mateo,2016,0.0,0.0,764070
San Mateo,2017,0.0,0.0,765601
San Mateo,2018,0.0,0.0,766711
San Mateo,2019,0.0,0.0,766312
San Mateo,2020,0.0,0.0,761474
San Mateo,2021,0.0,0.0,748738
San Mateo,2022,0.0,0.0,743000
San Mateo,2023,0.0,0.0,740929
Shasta,2000,825.0,0.0,164150
Shasta,2001,817.0,0.0,167034
Shasta,2002,825.0,0.0,169578
Shasta,2003,765.0,0.0,171987
Shasta,2004,909.0,0.0,173469
Shasta,2005,851.0,0.0,174254
Shasta,2006,648.0,0.0,175238
Shasta,2007,859.0,0.0,175849
Shasta,2008,0.0,0.0,176629
Shasta,2009,0.0,0.0,176881
Shasta,2010,0.0,0.0,177488
Shasta,2011,0.0,0.0,178344
Shasta,2012,0.0,0.0,179341
Shasta,2013,0.0,0.0,180304
Shasta,2014,0.0,0.0,181054
Shasta,2014,0.0,0.0,181054
Shasta,2015,0.0,0.0,180812
Shasta,2016,0.0,0.0,180287
Shasta,2017,0.0,0.0,181095
Shasta,2018,0.0,0.0,181472
Shasta,2019,623.0,0.0,181387
Shasta,2020,977.0,0.0,181956
Shasta,2021,27.0,380.0,181316
Shasta,2022,70.0,622.0,179759
Shasta,2023,805.0,0.0,179348
Sierra,2000,4.0,41.0,3618
Sierra,2001,5.0,67.0,3587
Sierra,2002,10.0,59.0,3564
Sierra,2003,16.0,47.0,3545
Sierra,2004,13.0,61.0,3467
Sierra,2005,7.0,54.0,3430
Sierra,2006,10.0,63.0,3424
Sierra,2007,15.0,73.0,3344
Sierra,2008,8.0,35.0,3284
Sierra,2009,13.0,43.0,3243
Sierra,2010,19.0,46.0,3236
Sierra,2011,5.0,56.0,3237
Sierra,2012,17.0,55.0,3234
Sierra,2013,7.0,77.0,3230
Sierra,2014,11.0,29.0,3220
Sierra,2014,11.0,29.0,3220
Sierra,2015,3.0,33.0,3213
Sierra,2016,14.0,26.0,3220
Sierra,2017,5.0,28.0,3233
Sierra,2018,5.0,22.0,3232
Sierra,2019,1.0,31.0,3233
Sierra,2020,4.0,17.0,3232
Sierra,2021,6.0,50.0,3216
Sierra,2022,10.0,19.0,3195
Sierra,2023,5.0,12.0,3162
Siskiyou,2000,140.0,971.0,44382
Siskiyou,2001,112.0,902.0,44275
Siskiyou,2002,94.0,904.0,44384
Siskiyou,2003,99.0,0.0,44597
Siskiyou,2004,139.0,0.0,44785
Siskiyou,2005,137.0,0.0,44945
Siskiyou,2006,153.0,868.0,44891
Siskiyou,2007,157.0,880.0,44862
Siskiyou,2008,152.0,800.0,45041
Siskiyou,2009,183.0,806.0,44950
Siskiyou,2010,138.0,849.0,44859
Siskiyou,2011,155.0,863.0,44912
Siskiyou,2012,104.0,819.0,44909
Siskiyou,2013,116.0,773.0,44820
Siskiyou,2014,137.0,724.0,44801
Siskiyou,2014,137.0,724.0,44801
Siskiyou,2015,135.0,793.0,44655
Siskiyou,2016,161.0,876.0,44554
Siskiyou,2017,176.0,800.0,44390
Siskiyou,2018,180.0,654.0,44305
Siskiyou,2019,181.0,636.0,44193
Siskiyou,2020,225.0,663.0,44002
Siskiyou,2021,259.0,704.0,43598
Siskiyou,2022,319.0,737.0,43397
Siskiyou,2023,207.0,300.0,43099
Solano,2000,0.0,0.0,395991
Solano,2001,0.0,0.0,402968
Solano,2002,0.0,0.0,406816
Solano,2003,0.0,0.0,408929
Solano,2004,0.0,0.0,411389
Solano,2005,0.0,0.0,410570
Solano,2006,0.0,0.0,411351
Solano,2007,0.0,0.0,412636
Solano,2008,0.0,0.0,413167
Solano,2009,0.0,0.0,412488
Solano,2010,0.0,0.0,413197
Solano,2011,0.0,0.0,416924
Solano,2012,0.0,0.0,420979
Solano,2013,0.0,0.0,425587
Solano,2014,0.0,0.0,431153
Solano,2014,0.0,0.0,431153
Solano,2015,0.0,0.0,435902
Solano,2016,0.0,0.0,441224
Solano,2017,0.0,0.0,445721
Solano,2018,0.0,0.0,449091
Solano,2019,0.0,0.0,451701
Solano,2020,0.0,0.0,452747
Solano,2021,0.0,0.0,449411
Solano,2022,0.0,0.0,446774
Solano,2023,0.0,0.0,446763
Sonoma,2000,0.0,0.0,460477
Sonoma,2001,0.0,0.0,465423
Sonoma,2002,0.0,0.0,465998
Sonoma,2003,0.0,0.0,468257
Sonoma,2004,0.0,0.0,469933
Sonoma,2005,0.0,0.0,469524
Sonoma,2006,0.0,0.0,469967
Sonoma,2007,0.0,0.0,472987
Sonoma,2008,0.0,0.0,476650
Sonoma,2009,0.0,0.0,480598
Sonoma,2010,0.0,0.0,484014
Sonoma,2011,0.0,0.0,487533
Sonoma,2012,0.0,0.0,490398
Sonoma,2013,0.0,0.0,494852
Sonoma,2014,0.0,0.0,498151
Sonoma,2014,0.0,0.0,498151
Sonoma,2015,0.0,0.0,500553
Sonoma,2016,0.0,0.0,501989
Sonoma,2017,0.0,0.0,501111
Sonoma,2018,0.0,0.0,496869
Sonoma,2019,0.0,0.0,492668
Sonoma,2020,0.0,0.0,488361
Sonoma,2021,0.0,0.0,483275
Sonoma,2022,0.0,0.0,480783
Sonoma,2023,0.0,0.0,479292
Stanislaus,2000,0.0,0.0,449767
Stanislaus,2001,0.0,0.0,463128
Stanislaus,2002,0.0,0.0,473580
Stanislaus,2003,0.0,0.0,483007
Stanislaus,2004,0.0,0.0,490283
Stanislaus,2005,0.0,0.0,498020
Stanislaus,2006,0.0,0.0,503548
Stanislaus,2007,0.0,0.0,508372
Stanislaus,2008,0.0,0.0,510396
Stanislaus,2009,0.0,0.0,512052
Stanislaus,2010,0.0,0.0,516536
Stanislaus,2011,0.0,0.0,519341
Stanislaus,2012,0.0,0.0,523837
Stanislaus,2013,0.0,0.0,527012
Stanislaus,2014,0.0,0.0,530332
Stanislaus,2014,0.0,0.0,530332
Stanislaus,2015,0.0,0.0,535436
Stanislaus,2016,0.0,0.0,540856
Stanislaus,2017,0.0,0.0,546499
Stanislaus,2018,0.0,0.0,549544
Stanislaus,2019,0.0,0.0,551566
Stanislaus,2020,0.0,0.0,553102
Stanislaus,2021,0.0,0.0,550689
Stanislaus,2022,0.0,0.0,548763
Stanislaus,2023,0.0,0.0,548838
Sutter,2000,263.0,0.0,79202
Sutter,2001,322.0,0.0,80240
Sutter,2002,315.0,0.0,81936
Sutter,2003,326.0,0.0,84108
Sutter,2004,354.0,0.0,86092
Sutter,2005,340.0,0.0,88106
Sutter,2006,414.0,0.0,90628
Sutter,2007,369.0,0.0,92502
Sutter,2008,340.0,0.0,93465
Sutter,2009,316.0,0.0,94372
Sutter,2010,359.0,0.0,94844
Sutter,2011,343.0,0.0,94528
Sutter,2012,318.0,0.0,94816
Sutter,2013,244.0,0.0,95909
Sutter,2014,316.0,0.0,95217
Sutter,2014,316.0,0.0,95217
Sutter,2015,320.0,0.0,95844
Sutter,2016,360.0,0.0,96517
Sutter,2017,342.0,0.0,97771
Sutter,2018,328.0,0.0,99334
Sutter,2019,318.0,0.0,101046
Sutter,2020,311.0,0.0,99481
Sutter,2021,414.0,0.0,99016
Sutter,2022,476.0,0.0,99399
Sutter,2023,427.0,0.0,99824
Tehama,2000,272.0,0.0,55832
Tehama,2001,274.0,0.0,56465
Tehama,2002,258.0,0.0,57281
Tehama,2003,314.0,0.0,58415
Tehama,2004,429.0,0.0,59493
Tehama,2005,525.0,0.0,60461
Tehama,2006,453.0,0.0,61542
Tehama,2007,379.0,0.0,62011
Tehama,2008,393.0,0.0,62720
Tehama,2009,387.0,0.0,63122
Tehama,2010,369.0,0.0,63386
Tehama,2011,348.0,0.0,63251
Tehama,2012,354.0,0.0,63192
Tehama,2013,351.0,0.0,63021
Tehama,2014,321.0,0.0,63161
Tehama,2014,321.0,0.0,63161
Tehama,2015,329.0,0.0,63509
Tehama,2016,360.0,0.0,63999
Tehama,2017,274.0,0.0,64141
Tehama,2018,267.0,0.0,64568
Tehama,2019,256.0,0.0,65312
Tehama,2020,347.0,0.0,65829
Tehama,2021,335.0,0.0,65465
Tehama,2022,326.0,0.0,65079
Tehama,2023,332.0,0.0,64786
Trinity,2000,23.0,270.0,12958
Trinity,2001,25.0,273.0,12963
Trinity,2002,29.0,224.0,13159
Trinity,2003,53.0,209.0,13388
Trinity,2004,57.0,205.0,13519
Trinity,2005,36.0,189.0,13789
Trinity,2006,23.0,185.0,13823
Trinity,2007,20.0,139.0,13787
Trinity,2008,22.0,86.0,13730
Trinity,2009,22.0,152.0,13771
Trinity,2010,34.0,134.0,13821
Trinity,2011,34.0,138.0,13877
Trinity,2012,21.0,187.0,13987
Trinity,2013,30.0,139.0,14058
Trinity,2014,34.0,174.0,14151
Trinity,2014,34.0,174.0,14151
Trinity,2015,34.0,244.0,14228
Trinity,2016,66.0,299.0,14840
Trinity,2017,77.0,254.0,15498
Trinity,2018,79.0,257.0,15754
Trinity,2019,61.0,237.0,16054
Trinity,2020,82.0,198.0,16103
Trinity,2021,83.0,221.0,16011
Trinity,2022,87.0,238.0,15928
Trinity,2023,98.0,187.0,15871
Tulare,2000,0.0,0.0,368805
Tulare,2001,0.0,0.0,374152
Tulare,2002,0.0,0.0,381194
Tulare,2003,0.0,0.0,390370
Tulare,2004,0.0,0.0,399913
Tulare,2005,0.0,0.0,408403
Tulare,2006,0.0,0.0,416092
Tulare,2007,0.0,0.0,423608
Tulare,2008,0.0,0.0,431471
Tulare,2009,0.0,0.0,438408
Tulare,2010,0.0,0.0,442343
Tulare,2011,0.0,0.0,447272
Tulare,2012,0.0,0.0,451114
Tulare,2013,0.0,0.0,453765
Tulare,2014,0.0,0.0,456558
Tulare,2014,0.0,0.0,456558
Tulare,2015,0.0,0.0,459935
Tulare,2016,0.0,0.0,462223
Tulare,2017,0.0,0.0,465343
Tulare,2018,0.0,0.0,467656
Tulare,2019,0.0,0.0,470619
Tulare,2020,0.0,0.0,472440
Tulare,2021,0.0,0.0,474525
Tulare,2022,0.0,0.0,476238
Tulare,2023,0.0,0.0,478192
Tuolumne,2000,202.0,0.0,54587
Tuolumne,2001,172.0,0.0,55326
Tuolumne,2002,137.0,0.0,55910
Tuolumne,2003,227.0,0.0,56442
Tuolumne,2004,186.0,0.0,56369
Tuolumne,2005,144.0,0.0,56452
Tuolumne,2006,142.0,0.0,56558
Tuolumne,2007,123.0,0.0,56133
Tuolumne,2008,134.0,0.0,56060
Tuolumne,2009,158.0,0.0,55258
Tuolumne,2010,121.0,0.0,55313
Tuolumne,2011,106.0,0.0,55353
Tuolumne,2012,105.0,0.0,54638
Tuolumne,2013,103.0,0.0,55321
Tuolumne,2014,151.0,0.0,55095
Tuolumne,2014,151.0,0.0,55095
Tuolumne,2015,227.0,0.0,55104
Tuolumne,2016,187.0,0.0,55162
Tuolumne,2017,206.0,0.0,55032
Tuolumne,2018,197.0,985.0,55311
Tuolumne,2019,195.0,0.0,55316
Tuolumne,2020,244.0,967.0,55445
Tuolumne,2021,322.0,951.0,54594
Tuolumne,2022,375.0,728.0,53141
Tuolumne,2023,369.0,522.0,53195
Ventura,2000,0.0,0.0,756902
Ventura,2001,0.0,0.0,768991
Ventura,2002,0.0,0.0,779894
Ventura,2003,0.0,0.0,789367
Ventura,2004,0.0,0.0,795046
Ventura,2005,0.0,0.0,796867
Ventura,2006,0.0,0.0,801225
Ventura,2007,0.0,0.0,805911
Ventura,2008,0.0,0.0,812028
Ventura,2009,0.0,0.0,818546
Ventura,2010,0.0,0.0,825009
Ventura,2011,0.0,0.0,832547
Ventura,2012,0.0,0.0,837333
Ventura,2013,0.0,0.0,842775
Ventura,2014,0.0,0.0,846966
Ventura,2014,0.0,0.0,846966
Ventura,2015,0.0,0.0,850038
Ventura,2016,0.0,0.0,850227
Ventura,2017,0.0,0.0,849979
Ventura,2018,0.0,0.0,849523
Ventura,2019,0.0,0.0,845474
Ventura,2020,0.0,0.0,844126
Ventura,2021,0.0,0.0,837763
Ventura,2022,0.0,0.0,831169
Ventura,2023,0.0,0.0,826745
Yolo,2000,953.0,0.0,169818
Yolo,2001,680.0,0.0,175102
Yolo,2002,838.0,0.0,179271
Yolo,2003,0.0,0.0,182331
Yolo,2004,0.0,0.0,185707
Yolo,2005,778.0,0.0,187354
Yolo,2006,821.0,0.0,190809
Yolo,2007,751.0,0.0,194854
Yolo,2008,549.0,0.0,197589
Yolo,2009,556.0,0.0,199697
Yolo,2010,512.0,0.0,202503
Yolo,2011,569.0,0.0,202754
Yolo,2012,556.0,0.0,205138
Yolo,2013,642.0,0.0,206723
Yolo,2014,757.0,0.0,207708
Yolo,2014,757.0,0.0,207708
Yolo,2015,804.0,0.0,209893
Yolo,2016,639.0,0.0,213224
Yolo,2017,568.0,0.0,215072
Yolo,2018,674.0,0.0,216474
Yolo,2019,637.0,0.0,216073
Yolo,2020,621.0,0.0,218271
Yolo,2021,689.0,0.0,214504
Yolo,2022,596.0,0.0,221700
Yolo,2023,561.0,0.0,221202
Yuba,2000,342.0,0.0,60334
Yuba,2001,335.0,0.0,61426
Yuba,2002,371.0,0.0,62738
Yuba,2003,350.0,0.0,63962
Yuba,2004,395.0,0.0,65249
Yuba,2005,331.0,0.0,67712
Yuba,2006,334.0,0.0,69218
Yuba,2007,396.0,0.0,70221
Yuba,2008,355.0,0.0,71422
Yuba,2009,279.0,0.0,71796
Yuba,2010,250.0,0.0,72408
Yuba,2011,341.0,0.0,73140
Yuba,2012,285.0,0.0,73721
Yuba,2013,272.0,0.0,74137
Yuba,2014,296.0,0.0,74877
Yuba,2014,296.0,0.0,74877
Yuba,2015,313.0,0.0,75748
Yuba,2016,318.0,0.0,76782
Yuba,2017,325.0,0.0,78181
Yuba,2018,341.0,0.0,79043
Yuba,2019,326.0,0.0,80250
Yuba,2020,404.0,0.0,81831
Yuba,2021,354.0,0.0,82091
Yuba,2022,279.0,0.0,82563
Yuba,2023,334.0,827.0,83405
